{
  "version": 1,
  "author": "Mariana Estela",
  "editor": "wokwi",
  "parts": [
    { "type": "wokwi-arduino-uno", "id": "uno", "top": 36.92, "left": -2, "attrs": {} },
    { "type": "wokwi-lcd1602", "id": "lcd1", "top": -152.39, "left": -9.61, "attrs": {} }
  ],
  "connections": [
    [ "lcd1:VSS", "uno:GND.1", "green", [ "v0" ] ],
    [ "lcd1:VDD", "uno:3.3V", "green", [ "v0" ] ],
    [ "lcd1:D7", "uno:7", "green", [ "v0" ] ],
    [ "lcd1:D6", "uno:6", "green", [ "v0" ] ],
    [ "lcd1:D5", "uno:5", "green", [ "v0" ] ],
    [ "lcd1:D4", "uno:4", "green", [ "v0" ] ],
    [ "lcd1:E", "uno:3", "green", [ "v0" ] ],
    [ "lcd1:RS", "uno:2", "green", [ "v0" ] ]
  ]
}